<?xml version="1.0" encoding="UTF-8"?>
<BenhAn id="6c89d3de-f785-4870-8ecc-909aba183a7a">
	<CamDoanPhauThuatGayMeRHM id="ad15398f-1df9-4b44-92db-fb1369d16170">
	  <IdBenhAn>6c89d3de-f785-4870-8ecc-909aba183a7a</IdBenhAn>
	  <IdPhieuKham>
	  </IdPhieuKham>
	  <TenGiay>CamDoanPhauThuatGayMeRHM</TenGiay>
	  <KhoaDieuTri>Lão</KhoaDieuTri>
	  <HoTenNguoiDaiDien>Chân Tay Miệng</HoTenNguoiDaiDien>
	  <KhoaTuVan>Lão</KhoaTuVan>
	  <NoiDungCamDoan>{"DanToc":"Kinh","NoiLamViec":null,"DiaChi":"Đống Đa, TP Hà Nội","PhuongPhapDieuTri":"aPhương pháp điều trị:Phương pháp điều trị:Phương pháp điều trị:Phương pháp điều trị:Phương pháp điều trị:Phương pháp điều trị:","IsDongYPTGM":false}</NoiDungCamDoan>
	  <NgayThucHien>2021-11-29T00:00:00</NgayThucHien>
	  <NgayTao>2021-11-29T00:00:00</NgayTao>
	  <IdNguoiTao>00000000-0000-0000-0000-000000000000</IdNguoiTao>
	  <Domain>
	  </Domain>
	  <CoSoTrucThuoc>SỞ Y TẾ TP HÀ NỘI 102</CoSoTrucThuoc>
	  <TenBenhVien>BV ĐA KHOA ĐỐNG ĐA</TenBenhVien>
	  <TenKhoaKham>Lão</TenKhoaKham>
	  <HoTen>Chân Tay Miệng</HoTen>
	  <Tuoi>21</Tuoi>
	  <GioiTinh>true</GioiTinh>
	  <Id>ad15398f-1df9-4b44-92db-fb1369d16170</Id>
	  <Active>false</Active>
	  <State>0</State>
	  <AuditUserInfo>
	  </AuditUserInfo>
	</CamDoanPhauThuatGayMeRHM>
	<CamDoanPhauThuatGayMeRHM id="ad15398f-1df9-4b44-92db-fb1369d16140">
	  <IdBenhAn>6c89d3de-f785-4870-8ecc-909aba183a7a</IdBenhAn>
	  <IdPhieuKham>
	  </IdPhieuKham>
	  <TenGiay>CamDoanPhauThuatGayMeRHM</TenGiay>
	  <KhoaDieuTri>Lão</KhoaDieuTri>
	  <HoTenNguoiDaiDien>Chân Tay Miệng</HoTenNguoiDaiDien>
	  <KhoaTuVan>Lão</KhoaTuVan>
	  <NoiDungCamDoan>{"DanToc":"Kinh","NoiLamViec":null,"DiaChi":"Đống Đa, TP Hà Nội","PhuongPhapDieuTri":"aPhương pháp điều trị:Phương pháp điều trị:Phương pháp điều trị:Phương pháp điều trị:Phương pháp điều trị:Phương pháp điều trị:","IsDongYPTGM":false}</NoiDungCamDoan>
	  <NgayThucHien>2021-11-29T00:00:00</NgayThucHien>
	  <NgayTao>2021-11-29T00:00:00</NgayTao>
	  <IdNguoiTao>00000000-0000-0000-0000-000000000000</IdNguoiTao>
	  <Domain>
	  </Domain>
	  <CoSoTrucThuoc>SỞ Y TẾ TP HÀ NỘI 102</CoSoTrucThuoc>
	  <TenBenhVien>BV ĐA KHOA ĐỐNG ĐA</TenBenhVien>
	  <TenKhoaKham>Lão</TenKhoaKham>
	  <HoTen>Chân Tay Miệng</HoTen>
	  <Tuoi>21</Tuoi>
	  <GioiTinh>true</GioiTinh>
	  <Id>ad15398f-1df9-4b44-92db-fb1369d16170</Id>
	  <Active>false</Active>
	  <State>0</State>
	  <AuditUserInfo>
	  </AuditUserInfo>
	</CamDoanPhauThuatGayMeRHM>
</BenhAn>